<?xml version="1.0" encoding="UTF-8"?>
<metadata xml:lang="en"><Esri><CreaDate>20200727</CreaDate><CreaTime>09482800</CreaTime><ArcGISFormat>1.0</ArcGISFormat><SyncOnce>TRUE</SyncOnce><DataProperties><lineage><Process ToolSource="c:\program files\arcgis\pro\Resources\ArcToolbox\toolboxes\Conversion Tools.tbx\FeatureClassToFeatureClass" Date="20200727" Time="094828">FeatureClassToFeatureClass AZE_Sites_all "D:\ABCNoGeo\AZE sites\AZE_all" AZE_all_buffer.shp # "SitRecID "SitRecID" true true false 4 Long 0 0,First,#,AZE_Sites_all,AZE_Sites_all.SitRecID,-1,-1;Region "Region" true true false 254 Text 0 0,First,#,AZE_Sites_all,AZE_Sites_all.Region,0,254;Country "Country" true true false 254 Text 0 0,First,#,AZE_Sites_all,AZE_Sites_all.Country,0,254;ISO3 "ISO3" true true false 254 Text 0 0,First,#,AZE_Sites_all,AZE_Sites_all.ISO3,0,254;NatName "NatName" true true false 254 Text 0 0,First,#,AZE_Sites_all,AZE_Sites_all.NatName,0,254;IntName "IntName" true true false 254 Text 0 0,First,#,AZE_Sites_all,AZE_Sites_all.IntName,0,254;FinCode "FinCode" true true false 254 Text 0 0,First,#,AZE_Sites_all,AZE_Sites_all.FinCode,0,254;Num_PAs "Num_PAs" true true false 4 Long 0 0,First,#,AZE_Sites_all,AZE_Sites_all.Num_PAs,-1,-1;IbaStatus "IbaStatus" true true false 254 Text 0 0,First,#,AZE_Sites_all,AZE_Sites_all.IbaStatus,0,254;KbaStatus "KbaStatus" true true false 254 Text 0 0,First,#,AZE_Sites_all,AZE_Sites_all.KbaStatus,0,254;AzeStatus "AzeStatus" true true false 254 Text 0 0,First,#,AZE_Sites_all,AZE_Sites_all.AzeStatus,0,254;MarineIBA "MarineIBA" true true false 5 Text 0 0,First,#,AZE_Sites_all,AZE_Sites_all.MarineIBA,0,5;Protect "Protect" true true false 254 Text 0 0,First,#,AZE_Sites_all,AZE_Sites_all.Protect,0,254;CreatedBy "CreatedBy" true true false 254 Text 0 0,First,#,AZE_Sites_all,AZE_Sites_all.CreatedBy,0,254;AddedDate "AddedDate" true true false 8 Date 0 0,First,#,AZE_Sites_all,AZE_Sites_all.AddedDate,-1,-1;ChangeDate "ChangeDate" true true false 8 Date 0 0,First,#,AZE_Sites_all,AZE_Sites_all.ChangeDate,-1,-1;Source "Source" true true false 254 Text 0 0,First,#,AZE_Sites_all,AZE_Sites_all.Source,0,254;DelTxt "DelTxt" true true false 254 Text 0 0,First,#,AZE_Sites_all,AZE_Sites_all.DelTxt,0,254;DelGeom "DelGeom" true true false 20 Text 0 0,First,#,AZE_Sites_all,AZE_Sites_all.DelGeom,0,20;BndFrom "BndFrom" true true false 8 Date 0 0,First,#,AZE_Sites_all,AZE_Sites_all.BndFrom,-1,-1;BndTo "BndTo" true true false 8 Date 0 0,First,#,AZE_Sites_all,AZE_Sites_all.BndTo,-1,-1;BndCurrent "BndCurrent" true true false 5 Text 0 0,First,#,AZE_Sites_all,AZE_Sites_all.BndCurrent,0,5;Sensitive "Sensitive" true true false 3 Text 0 0,First,#,AZE_Sites_all,AZE_Sites_all.Sensitive,0,3;Shape_Leng "Shape_Leng" true true false 8 Double 0 0,First,#,AZE_Sites_all,AZE_Sites_all.Shape_Leng,-1,-1;Test "Test" true true false 4 Long 0 0,First,#,AZE_Sites_all,AZE_Sites_all.Test,-1,-1;BUFF_DIST "BUFF_DIST" true true false 8 Double 0 0,First,#,AZE_Sites_all,AZE_Sites_all.BUFF_DIST,-1,-1;ORIG_FID "ORIG_FID" true true false 4 Long 0 0,First,#,AZE_Sites_all,AZE_Sites_all.ORIG_FID,-1,-1;Shape_Le_1 "Shape_Length" false true true 8 Double 0 0,First,#,AZE_Sites_all,AZE_Sites_all.Shape_Length,-1,-1;Shape_Area "Shape_Area" false true true 8 Double 0 0,First,#,AZE_Sites_all,AZE_Sites_all.Shape_Area,-1,-1;Area_AZESI "AZE Site Area (km2)" true true false 8 Double 0 0,First,#,AZE_Sites_all,AZE_Sites_all.Area_AZESIte,-1,-1;CurrentPA "Current PA area (km2)" true true false 8 Double 0 0,First,#,AZE_Sites_all,AZE_Sites_all.CurrentPA,-1,-1;ChnageinPA "% Change AZE Site Protected 2010-2020" true true false 8 Double 0 0,First,#,AZE_Sites_all,AZE_Sites_all.ChnageinPA20102020,-1,-1;CurrentPer "Current % Covered by PA" true true false 8 Double 0 0,First,#,AZE_Sites_all,AZE_Sites_all.CurrentPerCOvered,-1,-1;AvergaePop "MEAN" true true false 8 Double 0 0,First,#,AZE_Sites_all,AZE_Sites_all.AvergaePop2015,-1,-1;STD2015 "STD" true true false 8 Double 0 0,First,#,AZE_Sites_all,AZE_Sites_all.STD2015,-1,-1;per_change "MEAN" true true false 8 Double 0 0,First,#,AZE_Sites_all,AZE_Sites_all.per_change_MEAN,-1,-1;per_chan_1 "STD" true true false 8 Double 0 0,First,#,AZE_Sites_all,AZE_Sites_all.per_change_STD,-1,-1;water "Water Cover" true true false 8 Double 0 0,First,#,AZE_Sites_all,AZE_Sites_all.water,-1,-1;per_to_nat "% Change to Natural landcover" true true false 8 Double 0 0,First,#,AZE_Sites_all,AZE_Sites_all.per_to_natural,-1,-1;per_from_n "% Change from Natural landcover" true true false 8 Double 0 0,First,#,AZE_Sites_all,AZE_Sites_all.per_from_natural,-1,-1;Per_natura "% Natural landcover" true true false 8 Double 0 0,First,#,AZE_Sites_all,AZE_Sites_all.Per_natural,-1,-1;OBJECTID "OBJECTID" false true false 4 Long 0 9,First,#,AZE_Sites_all,CleanAZEData.OBJECTID,-1,-1;Site_Recog "Site Recognition ID" true true false 4 Long 0 0,First,#,AZE_Sites_all,CleanAZEData.Site_Recognition_ID,-1,-1;Country_1 "Country" true true false 255 Text 0 0,First,#,AZE_Sites_all,CleanAZEData.Country,0,255;AZE_Site_N "AZE Site Name" true true false 255 Text 0 0,First,#,AZE_Sites_all,CleanAZEData.AZE_Site_Name,0,255;AZE_Site_A "AZE Site Area (km2)" true true false 8 Double 0 0,First,#,AZE_Sites_all,CleanAZEData.AZE_Site_Area__km2_,-1,-1;Area_site_ "Area site covered by a PA" true true false 8 Double 0 0,First,#,AZE_Sites_all,CleanAZEData.Area_site_covered_by_a_PA,-1,-1;F__change_ "% change in protection of site since 2010" true true false 8 Double 0 0,First,#,AZE_Sites_all,CleanAZEData.F__change_in_protection_of_site_since_2010,-1,-1;F__site_co "% site covered by PA" true true false 8 Double 0 0,First,#,AZE_Sites_all,CleanAZEData.F__site_covered_by_PA,-1,-1;Average_hu "Average human population per km2" true true false 255 Text 0 0,First,#,AZE_Sites_all,CleanAZEData.Average_human_population_per_km2,0,255;STD_of_hum "STD of human population per km2" true true false 255 Text 0 0,First,#,AZE_Sites_all,CleanAZEData.STD_of_human_population_per_km2,0,255;F__Change1 "% Change in human population 2005-2015" true true false 255 Text 0 0,First,#,AZE_Sites_all,CleanAZEData.F__Change_in_human_population_2005_2015,0,255;Water_1 "Water" true true false 255 Text 0 0,First,#,AZE_Sites_all,CleanAZEData.Water,0,255;F__Natural "% Natural" true true false 255 Text 0 0,First,#,AZE_Sites_all,CleanAZEData.F__Natural,0,255;F__chang_1 "% change from natural landcover" true true false 255 Text 0 0,First,#,AZE_Sites_all,CleanAZEData.F__change_from_natural_landcover,0,255;F__chang_2 "% change to natural landcover" true true false 255 Text 0 0,First,#,AZE_Sites_all,CleanAZEData.F__change_to_natural_landcover,0,255;MissingDat "MissingData" true true false 255 Text 0 0,First,#,AZE_Sites_all,CleanAZEData.MissingData,0,255" #</Process></lineage></DataProperties></Esri></metadata>
